,Hernia,Normal,Spondylolisthesis,Acuratete
Hernia,7,15,0,31.818181818181817
Normal,0,29,1,96.66666666666667
Spondylolisthesis,0,5,37,88.0952380952381
