,Hernia,Normal,Spondylolisthesis,Acuratete
Hernia,8,12,2,36.36363636363637
Normal,5,22,3,73.33333333333333
Spondylolisthesis,0,2,40,95.23809523809524
